{
  "next-env.d.ts": 1775221470.55699,
  "tailwind.config.ts": 1775120332.034991,
  "postcss.config.js": 1773841898.5439897,
  "next.config.ts": 1775220650.7280958,
  "types/model-viewer.d.ts": 1775208576.089415,
  "app/layout.tsx": 1773841978.5715606,
  "app/page.tsx": 1775121883.8202672,
  "app/api/upload/route.ts": 1775116669.7947505,
  "components/WatercolorViewer.tsx": 1775221337.0341365,
  "components/UploadZone.tsx": 1775205891.4293795,
  "components/PreviewModal.tsx": 1775221315.9763865,
  "components/FileRow.tsx": 1775208551.5090706,
  "lib/upload.ts": 1775205831.5350285,
  "lib/shaders/BoilingEffect.ts": 1775220928.3799088,
  "lib/shaders/KuwaharaEffect.ts": 1775220890.1842246,
  "lib/shaders/PaperOverlayEffect.ts": 1775220937.075527,
  "lib/shaders/OutlineEffect.ts": 1775220916.7136526,
  "CLAUDE.md": 1775208697.681832
}